fullName,nickname,hometown,age,yearsPlaying,province,profileImage,hobbies,dartSetup,practiceRoutine,strengths,improvements,checkouts,currentForm,recentResults,achievements,pressureManagement,mentalApproach,stagePresence,preMatchRituals,aadsMeaning,dartConnectEmail
Kathy Bourgeois,,Central Est River,70,50 plus years,NS,/images/players/kathy-bourgeois.png,,"Target Crypton 25 grams, Cosmo #5 stems and cosmo fit flights shape.",Practice finishes,Combinations of each.,Finishes!,"Yes performed checkouts. Double 16 and double 8 are favs.",Finding my rhythm.,None,Making darts Nova Scotia for many many years!,None,Calm!,Focused on board,No,Was very pleased to be invited.,Kathyandbrian@eastlink.ca
Reece Williams,,PEI,22,3 years,PE,/images/players/reece-williams.png,"Harness racing, online chess","21gram GOAT Sprocket darts, straight barrel, points about 30mm or less, three winged Condors. I bounce back and forth between the three winged flights and normal flights.","Right now it's almost every day at least 20mins or longer. I shoot mainly at doubles till I hit every one a few times then sometimes I'll do a game or two, or I'll just pick random common out shots and practice those a bit.","Usually I can score pretty consistently. I'm a 20 shooter but can hit what I aim for. The 32 and 40 breakdowns are pretty comfortable for me.","My set-up play lacks sometimes. Always working on doubles and finishing.","The 40 break down route and the 32 are probably my best friends. I had a 148 out in Bedford in November in ladies doubles, had a 157 in one of my league playoff nights.","I'm pretty happy with my darts right now. Been practicing more and there's been loads of good darts thrown. Always room for improvement but I feel good right now.","Made a couple last 32/16s in shediac in mixed and ladies doubles. Won the triples and ladies doubles events in Bedford. Made joint third in the singles at Red Rock and again in Bedford.","Winning in Bedford twice is probably my favorite achievement so far. Have a few joint thirds in singles events. Had to beat some top talent to get there. Won a couple fundraiser tournaments around home.","I try to focus on myself, not looking at what people are shooting. Just thinking to myself this is what I need right now, go get it. Keeping things positive is important for me.",When I step up I'm focused on my target immediately.,"Never been on stage so I wouldn't know haha. I think sometimes I can be expressive but I'd like to think I'm pretty stoic.","I don't think so, just give myself a warm up on the boards before I play.","It's always nice to be invited to events and to be considered good enough to compete with people who've been playing darts for years. Being a part of the series is another highlight of my very short darting career.",reecekwilliams11@gmail.com
Emily Alford,The Energizer,"Beaver Bank, NS",21,14 Years,NS,/images/players/emily-alford.png,"Camping, Hiking and Traveling",One80 Emily Alford Player Signature Darts. Lstyle Carbon Shafts and Lstyle Fantom Flights.,"I play in several leagues throughout the week. When playing by myself I play a lot of 121 to keep my arm going and to continue to challenge myself in finding better checkout routes.","I can adjust my game very easily to adapt to the style of others. Sometimes this helps when I'm playing people who don't match my playing style.",Trying to develop my mindset and better focus when playing matches.,"I like to leave anything around the 16s but certainly don't shy away from tops either. I also like to use the bull quite a bit when setting myself up and checking out.",Trying to continue momentum I've had over the last couple months.,"2nd in the Halifax Open. 1st in the Debbie Mullin Memorial Open (Debbie was a huge support of me as a youth player). Made Team Nova Scotia for the NDFC Nationals placing 4th in the province.","Representing Canada at the 2018/2019 BDO World Masters (Top 8 in 2019). Representing Canada at the WDF World Cup in Cluj Napoca Romania. Representing Canada at the 2021 JDC World Cup in Gibraltar. 2019 Junior Girls Canadian Champion. 2 sportsmanship awards in 2016 and 2019.","I try to focus on something else rather than the game itself. If I focus too much on mechanics I lose focus. I also tend to look at my loved ones to ground myself.",Very Happy Go Lucky but Focused.,I tend to keep focused. Normally drink something when I come back from the line. I look out to loved ones if I get nervous to ground myself.,None really. Just something I never really developed.,"I am very honored and excited to have been invited to this event. I have so much respect for all the ladies in this event and it is really cool having us all together for this.",emilyalford04@gmail.com
Danna Lee Foster,Dananimal,St Martin's,58,,NB,/images/players/danna-lee-foster.png,,,,,,"Confidence is key, on the day my main focus is practicing doubles.",Managed a win at the red rock open. Currently ranked 5th in Canada.,"Winning the Canadian championship in 2018. Canada's MVP 2019. 2 time world master qualifier in England. America Cup qualifier in Trinidad and Tobago. 2 time World Cup qualifier in Romania and Amsterdam. 3 time New Brunswick champion. 2 time Canadian double champion with Joanne Luke.",It's just me and the board.,"Depends on the day, if my confidence is up my head's down and ready to go.",I would say I'm focused most of the time.,"Not really, except I do wear my lucky socks with the heel gone in them. Lol","To be honest, I'm more excited about this than the Canadian nationals. Great group of competitors, something different.",dannal1968@gmail.com
Tracy Lee Powers,,"Summerside, PEI",55,"Since 1992, 34 years",PE,/images/players/tracy-powers.png,I have a 5 month old grandson I love spending time with.,24 g,Playing the typical 501 game,Favourite doubles are 8 and 16,My throw and follow through,Favourite doubles are 8 and 16,Happy to be invited after struggling with my throw and doubling out for the past year.,,I'm proud of the times I've been ranked 1st in my province.,One shot at a time.,Focused,Shy,No,A fantastic opportunity to play with some great opponents!,tracylpowers@hotmail.com
Kayla Melanson,,Dieppe NB,33,2 years,NB,/images/players/kayla-melanson.png,,26 g windmau flights,Playing games with different people with higher averages.,Scoring,Doubles,Love double 32,Confident,Won the last few tournaments I've played - sadly not on DartConnect.,Taking a singles tournament at the Shediac legion.,"Staying calm, not talking on the line.",Focused,Focusing on the board.,,Beating some of the best around.,Kaylamelanson98@gmail.com
Tina Ouellette,,Saint-Charles NB,47,Since age 16,NB,/images/players/tina-ouellette.png,"Reading, fishing and hunting","Harrows Power Points (hammer heads) 22g, Mission force 90 moulded flight and shaft medium. My first and only set of darts!","I practice my doubles starting from dbl 20 all the way down to the bull. I sometimes time myself. If I have more time I try to hit each double 5 times before moving to the next. Then I'll hit the main triples and play a game of 501 or 170.","If I can get in a good flow I can find myself shooting scores of 100+ back to back. I prefer leaving myself with dbl 16 or dbl 20.","My stance and the way I throw. Sometimes my arm is not locked in where it should be. Also my mindset on certain situations and figuring out my best option for a double out. Always learning!","I try not to limit myself to only a specific double as it always changes for me. I finished a 154 at NB tryouts, and I'm still trying to get that 170 finish - it's my goal!","I'm super excited for this event! I'm making sure I'm hitting the board and getting the rhythm of my throw to be at my best on May 30th!","Won the Ladies Single NB Port City open last September. Lost against Darlene McCloud at the Nova Scotia open in November.","Previously made the NB team in 2003, 2004 and 2005. After 19 years away I returned to darts and won 1st place ladies single at Cocagne. Made NB team in 2024 (5th) and 2025 (4th). In 2026 clinched 1st place for team NB - my proudest achievement!","I try to stay calm and focus on what I need to get done. Pretty much tell myself you got this, one dart at a time.","Mostly calm and focused, but sometimes aggressive at the start of a leg to set the tone.",On stage I'm mostly focused on the board. I try to block out the crowd. Just me, the board and my opponent.,"I keep my arm warmed up before the game and stay mentally tough, reminding myself I'm a really good player and I can beat anyone.","I'm super excited and I'm definitely gonna give it my all. The women playing at this event are all amazing dart players and this is all our time to shine!",juanitamilliea@hotmail.com
Ashley Foster,,Saint John NB,28,4 years,NB,/images/players/ashley-foster.png,"I coach high school volleyball, play women's volleyball and coed softball. Love hunting and fishing!","23g Karrah Kennedy Princess darts with 41mm points, and caliburn tweeny flights. Recently made the switch to somewhat longer points.",No specific routine YET! Just beating Adam at the moment.,"Lately, scoring for me has come a long way. A lot of studying numbers and learning the math really made my game step up. Knowing the board is HUGE.",I think everyone can always work on nailing those doubles. That's usually a big focus for me.,No,Definitely finding my rhythm right now. Confidence is building!,Not lately. It's gonna come though!!!,"I'm super proud of competing with team NB in 2025, and getting to go again this year.","Working on staying positive through the entire match. It's not over until that last double is hit, every single dart matters. I've been focusing more on my side of the scoreboard and not what my opponent is doing.","Focused, competitive, but fun.",Trying to stay focused on the board more.,"I have to find a specific spot on the oche for my foot. After each throw, trying to look down at my feet and not the opponent's throw or score.","I'm very excited and honoured to be chosen to compete in this event! We've followed a lot of the AADS men's events and I've been waiting for the day we get to join in on the action!",afoster_2005@hotmail.com
Josianne Fenech,The French Force,"Bible Hill, NS",45,5 years competitive,NS,/images/players/josianne-fenech.png,"Fishing, camping and general adulting","Phoenix Custom barrels 22g, 6.5mm dia, 50mm long with Cosmo Standard #3 Locked Shafts and Cosmo Fit Flight Air Standard Flights","Focusing on finishes starting at 121 and moving up. If I miss I move down a number, if I succeed I move up. I also have a deck of cards with finishes from 170 down - I flip a card and give myself 6 darts to complete it. I struggle to practice alone so solo practice is 15-30 minutes. With a friend I can shoot for hours.","Composure and clutch finishing. Friends have coined me as ""3rd Dart Jo"" for often hitting my required treble on my 3rd dart. I've learned to keep myself calm(er) in games which has benefitted me in the long run.","Setups from the 300+ scores. Knowing when to move around the board to set yourself up appropriately for the next 3 darts.","A double is a double but I prefer a double that will break down (32/16/8/4/2/1). I am comfortable moving around the board and will take the route to the quickest finish.","Very confident and pleased with my current performance. Aiming at building and improving focus and consistency.","EAST COAST OPEN: 1st Place Mixed Doubles. 2nd Place Ladies Singles. 2nd Place Ladies Doubles with Ashley Foster. NS PROVINCIALS: 2nd Place. DEBBIE MULLIN MEMORIAL: Ladies Singles Joint 5th. 2025 World Masters in Budapest - nerves got the best of me but given the opportunity again I'll be ready!","2025 Nova Scotia Provincial Champ. 2024 and 2025 World Masters Invitations. 170 checkout!","BREATHE! Just Breathe! I talk to myself, sometimes out loud, other times in my head. I stare the double down and make it mine.","Calm, cool and collected at the oche. Sometimes humming a tune to keep it fun and positive.","Mostly focused on the board but using key people as focal points. I throw my darts and after each throw concentrate on my hands or flights and think about my next shot.","I don't believe I have any specific rituals, and if I do I'm not aware of them!","To be chosen as one of the first 10 women to be part of this inaugural event is truly an honor and I am humbled at this opportunity! It's a clear indication that I'm headed in the right direction.",josianne.fenech@gmail.com
